{
    "MAX_RECURSION_DEPTH": 3,
    "CUTOFF_E13": 60.467479674796216,
    "CUTOFF_E23": 115.22277227722817,
    "CUTOFF_E33": 300.8333333333318
}